{"cameraMode":{"drawMode":0,"name":"Shaded","section":"Shading Mode"},"sceneLighting":false,"audioPlay":false,"sceneViewState":{"showFog":true,"showMaterialUpdate":false,"showSkybox":false,"showFlares":true,"showImageEffects":true,"showParticleSystems":true},"in2DMode":false,"pivot":{"x":7.503737449645996,"y":-5.0117878913879398,"z":7.197810173034668},"rotation":{"x":-0.2041620910167694,"y":-0.38230985403060915,"z":0.0870610773563385,"w":-0.8969996571540833},"size":11.729012489318848,"orthographic":false}