{"cameraMode":{"drawMode":0,"name":"Shaded","section":"Shading Mode"},"sceneLighting":false,"audioPlay":false,"sceneViewState":{"showFog":true,"showMaterialUpdate":false,"showSkybox":false,"showFlares":true,"showImageEffects":true,"showParticleSystems":true},"in2DMode":false,"pivot":{"x":0.7927209734916687,"y":-5.4408087730407719,"z":-7.674718856811523},"rotation":{"x":0.041673433035612109,"y":0.015582311898469925,"z":0.000648432644084096,"w":-0.9990174770355225},"size":0.7578851580619812,"orthographic":false}