{"cameraMode":{"drawMode":0,"name":"Shaded","section":"Shading Mode"},"sceneLighting":false,"audioPlay":false,"sceneViewState":{"showFog":false,"showMaterialUpdate":false,"showSkybox":false,"showFlares":false,"showImageEffects":false,"showParticleSystems":false},"in2DMode":false,"pivot":{"x":-1.46429443359375,"y":-7.648627758026123,"z":0.8803904056549072},"rotation":{"x":0.020640084519982339,"y":0.6235219836235046,"z":-0.016453713178634645,"w":0.7813824415206909},"size":4.906990051269531,"orthographic":false}