{"cameraMode":{"drawMode":0,"name":"Shaded","section":"Shading Mode"},"sceneLighting":false,"audioPlay":false,"sceneViewState":{"showFog":false,"showMaterialUpdate":false,"showSkybox":false,"showFlares":false,"showImageEffects":false,"showParticleSystems":false},"in2DMode":false,"pivot":{"x":-0.02735137566924095,"y":-0.07669350504875183,"z":0.041640184819698337},"rotation":{"x":0.12493350356817246,"y":-0.43845924735069277,"z":0.06174427270889282,"w":0.8879057765007019},"size":0.6862571239471436,"orthographic":false}