{"cameraMode":{"drawMode":0,"name":"Shaded","section":"Shading Mode"},"sceneLighting":false,"audioPlay":false,"sceneViewState":{"showFog":false,"showMaterialUpdate":false,"showSkybox":false,"showFlares":false,"showImageEffects":false,"showParticleSystems":false},"in2DMode":false,"pivot":{"x":-1.9101603031158448,"y":-12.261343002319336,"z":19.85747528076172},"rotation":{"x":-0.06351365894079209,"y":-0.35846686363220217,"z":-0.024433856830000879,"w":0.931091845035553},"size":3.157883644104004,"orthographic":false}