{"cameraMode":{"drawMode":0,"name":"Shaded","section":"Shading Mode"},"sceneLighting":false,"audioPlay":false,"sceneViewState":{"showFog":false,"showMaterialUpdate":false,"showSkybox":false,"showFlares":false,"showImageEffects":false,"showParticleSystems":false},"in2DMode":false,"pivot":{"x":2.752565622329712,"y":3.8137259483337404,"z":-2.7034361362457277},"rotation":{"x":0.5821158289909363,"y":-0.07377994060516358,"z":0.05338733270764351,"w":0.8080324530601502},"size":4.252839088439941,"orthographic":false}