{"cameraMode":{"drawMode":0,"name":"Shaded","section":"Shading Mode"},"sceneLighting":false,"audioPlay":false,"sceneViewState":{"showFog":true,"showMaterialUpdate":false,"showSkybox":false,"showFlares":true,"showImageEffects":true,"showParticleSystems":true},"in2DMode":false,"pivot":{"x":0.004830062389373779,"y":0.002827256917953491,"z":-0.0070774853229522709},"rotation":{"x":-0.0782272145152092,"y":0.9119349122047424,"z":-0.20613905787467957,"w":-0.34606775641441347},"size":0.4286826252937317,"orthographic":false}