{"cameraMode":{"drawMode":0,"name":"Shaded","section":"Shading Mode"},"sceneLighting":false,"audioPlay":false,"sceneViewState":{"showFog":false,"showMaterialUpdate":false,"showSkybox":false,"showFlares":false,"showImageEffects":false,"showParticleSystems":false},"in2DMode":false,"pivot":{"x":-7.2517499923706059,"y":5.589902877807617,"z":-0.5054540634155273},"rotation":{"x":0.13947747647762299,"y":0.5770717263221741,"z":-0.10057657212018967,"w":0.7984257936477661},"size":40.010372161865237,"orthographic":false}