{"cameraMode":{"drawMode":0,"name":"Shaded","section":"Shading Mode"},"sceneLighting":false,"audioPlay":false,"sceneViewState":{"showFog":false,"showMaterialUpdate":false,"showSkybox":false,"showFlares":false,"showImageEffects":false,"showParticleSystems":false},"in2DMode":false,"pivot":{"x":-0.00003237277269363403,"y":-0.00006133504211902618,"z":-3.725290298461914e-9},"rotation":{"x":0.240183025598526,"y":-0.4392407536506653,"z":0.12317607551813126,"w":0.8568848967552185},"size":0.1404697149991989,"orthographic":false}