{"cameraMode":{"drawMode":0,"name":"Shaded","section":"Shading Mode"},"sceneLighting":false,"audioPlay":false,"sceneViewState":{"showFog":false,"showMaterialUpdate":false,"showSkybox":false,"showFlares":false,"showImageEffects":false,"showParticleSystems":false},"in2DMode":false,"pivot":{"x":5.880734920501709,"y":-9.247513771057129,"z":15.558677673339844},"rotation":{"x":-0.24725963175296784,"y":-0.22267834842205048,"z":0.05819699540734291,"w":-0.9412997364997864},"size":30.53876495361328,"orthographic":false}