{"cameraMode":{"drawMode":0,"name":"Shaded","section":"Shading Mode"},"sceneLighting":false,"audioPlay":false,"sceneViewState":{"showFog":false,"showMaterialUpdate":false,"showSkybox":false,"showFlares":false,"showImageEffects":false,"showParticleSystems":false},"in2DMode":false,"pivot":{"x":3.1116511821746828,"y":-17.492155075073243,"z":15.523138046264649},"rotation":{"x":0.406490296125412,"y":0.08112387359142304,"z":-0.03588607907295227,"w":0.9094125032424927},"size":39.65802764892578,"orthographic":false}