{"cameraMode":{"drawMode":0,"name":"Shaded","section":"Shading Mode"},"sceneLighting":false,"audioPlay":false,"sceneViewState":{"showFog":false,"showMaterialUpdate":false,"showSkybox":false,"showFlares":false,"showImageEffects":false,"showParticleSystems":false},"in2DMode":false,"pivot":{"x":0.5596397519111633,"y":-4.536484718322754,"z":-0.551264762878418},"rotation":{"x":0.7151307463645935,"y":0.005572462920099497,"z":-0.005470286589115858,"w":0.6989889740943909},"size":14.55290699005127,"orthographic":false}