{"cameraMode":{"drawMode":0,"name":"Shaded","section":"Shading Mode"},"sceneLighting":false,"audioPlay":false,"sceneViewState":{"showFog":false,"showMaterialUpdate":false,"showSkybox":false,"showFlares":false,"showImageEffects":false,"showParticleSystems":false},"in2DMode":false,"pivot":{"x":-0.109836146235466,"y":-3.132957696914673,"z":15.18801212310791},"rotation":{"x":0.10060924291610718,"y":0.03168953210115433,"z":-0.002902112202718854,"w":0.9945129752159119},"size":23.26629638671875,"orthographic":false}