{"cameraMode":{"drawMode":0,"name":"Shaded","section":"Shading Mode"},"sceneLighting":false,"audioPlay":false,"sceneViewState":{"showFog":false,"showMaterialUpdate":false,"showSkybox":false,"showFlares":false,"showImageEffects":false,"showParticleSystems":false},"in2DMode":false,"pivot":{"x":-4.987865447998047,"y":-1.9544553756713868,"z":11.332794189453125},"rotation":{"x":0.11992017179727555,"y":-0.21965335309505464,"z":0.0273639764636755,"w":0.9678252339363098},"size":24.652597427368165,"orthographic":false}