{"cameraMode":{"drawMode":0,"name":"Shaded","section":"Shading Mode"},"sceneLighting":false,"audioPlay":false,"sceneViewState":{"showFog":true,"showMaterialUpdate":false,"showSkybox":false,"showFlares":true,"showImageEffects":true,"showParticleSystems":true},"in2DMode":false,"pivot":{"x":-1.27004075050354,"y":-4.018619537353516,"z":-8.731547355651856},"rotation":{"x":-0.017084399238228799,"y":-0.974318265914917,"z":0.07940515875816345,"w":-0.21010944247245789},"size":0.1425418257713318,"orthographic":false}