{"cameraMode":{"drawMode":0,"name":"Shaded","section":"Shading Mode"},"sceneLighting":false,"audioPlay":false,"sceneViewState":{"showFog":false,"showMaterialUpdate":false,"showSkybox":false,"showFlares":false,"showImageEffects":false,"showParticleSystems":false},"in2DMode":false,"pivot":{"x":-40.18317413330078,"y":-134.11387634277345,"z":50.294986724853519},"rotation":{"x":0.1325780749320984,"y":-0.3694106638431549,"z":0.05335051938891411,"w":0.9182280898094177},"size":2.8578836917877199,"orthographic":false}