{"cameraMode":{"drawMode":0,"name":"Shaded","section":"Shading Mode"},"sceneLighting":false,"audioPlay":false,"sceneViewState":{"showFog":false,"showMaterialUpdate":false,"showSkybox":false,"showFlares":false,"showImageEffects":false,"showParticleSystems":false},"in2DMode":false,"pivot":{"x":-5.510658264160156,"y":-0.7382574081420898,"z":10.655689239501954},"rotation":{"x":-0.18062226474285127,"y":0.18091055750846864,"z":-0.03383849933743477,"w":-0.9662046432495117},"size":32.83625793457031,"orthographic":false}