{"cameraMode":{"drawMode":0,"name":"Shaded","section":"Shading Mode"},"sceneLighting":false,"audioPlay":false,"sceneViewState":{"showFog":false,"showMaterialUpdate":false,"showSkybox":false,"showFlares":false,"showImageEffects":false,"showParticleSystems":false},"in2DMode":false,"pivot":{"x":-2.8866395950317385,"y":13.999053955078125,"z":1.9971578121185303},"rotation":{"x":-0.17124870419502259,"y":0.0891260877251625,"z":-0.015574783086776734,"w":-0.9810888767242432},"size":67.57977294921875,"orthographic":false}