{"cameraMode":{"drawMode":0,"name":"Shaded","section":"Shading Mode"},"sceneLighting":false,"audioPlay":false,"sceneViewState":{"showFog":false,"showMaterialUpdate":false,"showSkybox":false,"showFlares":false,"showImageEffects":false,"showParticleSystems":false},"in2DMode":false,"pivot":{"x":5.4747209548950199,"y":-1.8713905811309815,"z":-0.22745347023010255},"rotation":{"x":-0.10153988748788834,"y":-0.6965129375457764,"z":0.10056888312101364,"w":-0.7032274007797241},"size":11.01270580291748,"orthographic":false}