{"cameraMode":{"drawMode":0,"name":"Shaded","section":"Shading Mode"},"sceneLighting":false,"audioPlay":false,"sceneViewState":{"showFog":false,"showMaterialUpdate":false,"showSkybox":false,"showFlares":false,"showImageEffects":false,"showParticleSystems":false},"in2DMode":false,"pivot":{"x":9.648501873016358e-7,"y":0.000041505321860313416,"z":-0.0000034943222999572756},"rotation":{"x":0.240183025598526,"y":-0.4392407536506653,"z":0.12317607551813126,"w":0.8568848967552185},"size":0.133127823472023,"orthographic":false}