{"cameraMode":{"drawMode":0,"name":"Shaded","section":"Shading Mode"},"sceneLighting":false,"audioPlay":false,"sceneViewState":{"showFog":false,"showMaterialUpdate":false,"showSkybox":false,"showFlares":false,"showImageEffects":false,"showParticleSystems":false},"in2DMode":false,"pivot":{"x":-1.5299997329711915,"y":12.848703384399414,"z":2.7799997329711916},"rotation":{"x":-0.17124870419502259,"y":0.0891260877251625,"z":-0.015574783086776734,"w":-0.9810888767242432},"size":87.0685806274414,"orthographic":false}