{"cameraMode":{"drawMode":0,"name":"Shaded","section":"Shading Mode"},"sceneLighting":false,"audioPlay":false,"sceneViewState":{"showFog":false,"showMaterialUpdate":false,"showSkybox":false,"showFlares":false,"showImageEffects":false,"showParticleSystems":false},"in2DMode":false,"pivot":{"x":-0.17999982833862306,"y":16.889793395996095,"z":1.5276908874511719},"rotation":{"x":-0.17124870419502259,"y":0.0891260877251625,"z":-0.015574783086776734,"w":-0.9810888767242432},"size":60.1740837097168,"orthographic":false}