{"cameraMode":{"drawMode":0,"name":"Shaded","section":"Shading Mode"},"sceneLighting":false,"audioPlay":false,"sceneViewState":{"showFog":false,"showMaterialUpdate":false,"showSkybox":false,"showFlares":false,"showImageEffects":false,"showParticleSystems":false},"in2DMode":false,"pivot":{"x":-0.22695140540599824,"y":-7.954798221588135,"z":12.732754707336426},"rotation":{"x":0.21903809905052186,"y":-0.0025454184506088497,"z":0.0008921997505240142,"w":0.9757955074310303},"size":29.141847610473634,"orthographic":false}