{"cameraMode":{"drawMode":0,"name":"Shaded","section":"Shading Mode"},"sceneLighting":false,"audioPlay":false,"sceneViewState":{"showFog":false,"showMaterialUpdate":false,"showSkybox":false,"showFlares":false,"showImageEffects":false,"showParticleSystems":false},"in2DMode":false,"pivot":{"x":-0.7047809362411499,"y":-0.29912877082824709,"z":1.1455910205841065},"rotation":{"x":0.07472647726535797,"y":-0.2250610888004303,"z":0.017453830689191819,"w":0.9713482856750488},"size":2.8578836917877199,"orthographic":false}