{"cameraMode":{"drawMode":0,"name":"Shaded","section":"Shading Mode"},"sceneLighting":false,"audioPlay":false,"sceneViewState":{"showFog":false,"showMaterialUpdate":false,"showSkybox":false,"showFlares":false,"showImageEffects":false,"showParticleSystems":false},"in2DMode":false,"pivot":{"x":-0.22405731678009034,"y":-1.4886369705200196,"z":-0.105438232421875},"rotation":{"x":0.5586804151535034,"y":0.21210864186286927,"z":-0.15006716549396516,"w":0.7877352833747864},"size":8.802473068237305,"orthographic":false}