{"cameraMode":{"drawMode":0,"name":"Shaded","section":"Shading Mode"},"sceneLighting":false,"audioPlay":false,"sceneViewState":{"showFog":false,"showMaterialUpdate":false,"showSkybox":false,"showFlares":false,"showImageEffects":false,"showParticleSystems":false},"in2DMode":false,"pivot":{"x":2.2800750732421877,"y":7.966862678527832,"z":3.086313486099243},"rotation":{"x":-0.17124870419502259,"y":0.0891260877251625,"z":-0.015574783086776734,"w":-0.9810888767242432},"size":63.97636032104492,"orthographic":false}