{"cameraMode":{"drawMode":0,"name":"Shaded","section":"Shading Mode"},"sceneLighting":false,"audioPlay":false,"sceneViewState":{"showFog":false,"showMaterialUpdate":false,"showSkybox":false,"showFlares":false,"showImageEffects":false,"showParticleSystems":false},"in2DMode":false,"pivot":{"x":2.829615354537964,"y":1.789551019668579,"z":1.1457898616790772},"rotation":{"x":-0.1649918109178543,"y":0.5306084752082825,"z":0.10657379776239395,"w":0.8246355652809143},"size":7.257090091705322,"orthographic":false}