{"cameraMode":{"drawMode":0,"name":"Shaded","section":"Shading Mode"},"sceneLighting":false,"audioPlay":false,"sceneViewState":{"showFog":false,"showMaterialUpdate":false,"showSkybox":false,"showFlares":false,"showImageEffects":false,"showParticleSystems":false},"in2DMode":false,"pivot":{"x":-5.092710971832275,"y":7.665876388549805,"z":3.1999993324279787},"rotation":{"x":-0.17124870419502259,"y":0.0891260877251625,"z":-0.015574783086776734,"w":-0.9810888767242432},"size":106.08074951171875,"orthographic":false}