{"cameraMode":{"drawMode":0,"name":"Shaded","section":"Shading Mode"},"sceneLighting":false,"audioPlay":false,"sceneViewState":{"showFog":false,"showMaterialUpdate":false,"showSkybox":false,"showFlares":false,"showImageEffects":false,"showParticleSystems":false},"in2DMode":false,"pivot":{"x":-15.552477836608887,"y":-31.249906539916993,"z":128.80274963378907},"rotation":{"x":0.11444084346294403,"y":-0.059570081532001498,"z":0.006899269297719002,"w":0.9916548132896423},"size":136.21994018554688,"orthographic":false}